[
        

        
   
    {
        "id": 1,
        "category": "Hobbies",
        "Topic": "Karate",
        "Discussion": "I have been practising karate for over 10 years and am soon set to achieve Shodan (black belt). I was also given the opportunity to help teach karate to lower graded students.",
        "imageName": "karate 1",
    },

   
    {
        "id": 9,
        "category": "Hobbies",
        "Topic": "Swimming",
        "Discussion": "I enjoy spending as much time as I can outdoors, wether its swimming, running or cycling. I am consisently working towards local races including triathalons and 10km runs.",
        "imageName": "swim",
    },
    

   
    
    {
        "id": 14,
        "category": "Hobbies",
        "Topic": "Skiing",
        "Discussion": "I am fortunate enough to have been skiing since a young age and able to exlpore many countries through the sport. I hope to be able to continue this and enjoy the gorgeous mountain ranges accross the world. ",
        "imageName": "ski",
    },
]
