[
        

        
    {
        "id": 1,
        "Topic": "Who I Am",
        "imageName": "profileimage",
        "Discussion": "I, Anna Llambias Maw, am outgoing, enthusiastic and currently studying towards a MSc in Robotics and Computation at University College London (UCL). Recently receiving my BSc in Computer Science from the University of Leeds. Where I studied core computer science modules as well as undertaking and succeeding in optional Web Development modules, including the topics: Information Visualisation; Databases; Distributed Systems; Web Services & Web Data and Secure Computing. Although I thoroughly enjoyed Web development and software engineering, I found myself gravitating towards the hardware and robotics aspects of computer science where my passions now lie.",

    },
    
    {
        "id": 2,
        "imageName": "profileimage",
        "Topic": "What I Have to Offer",
        "Discussion": "When applying for university I got told that a good computer science degree will not just teach you a programming language, it will teach you how to learn a programming language. I found this statement very pertinent and was able to infer from it that ‘A good programmer does not just know how to program a language; they know how to learn to program a language’. This is a concept that I frequently reflect on in the workplace and believe that especially in the age of the digital transformation is a mindset that everyone can benefit by having. Software is such a fast pace and ever-changing subject, with new programming consistently emerging, without having an adaptive and open to learning mentality anyone is at risk of being left behind.\n Additionally with software being a relatively new and broad subject almost everyone took a different path to get into development meaning everyone has a completely different background and knowledge base resulting in one of the most valuable things I have learnt in my time as a software engineer is the importance of group projects and peer programming. Afterall software applications are meant to be used and valued by everyone, customers, and colleagues alike, regardless of their knowledge and background. From DBMS and front-end design tools to programming languages and how to lay out my code the times in which I have learnt the most and more useful things is when pair programming whilst also being able to share my knowledge.\n In both my work and home life I find myself constantly gravitating towards aspiring to learn new skills and new experiences with new people as well as wanting to develop my current knowledge and relationships. ",
   
    },

    {
        "id": 3,
        "imageName": "profileimage",
        "Topic": "Career Goals",
        "Discussion": "My goal if receiving the job would be to further my develop skills in all aspects of software project life cycle including design, implementation, developing and testing phases. Developing a range of skills opposed to either front end or back end would not only allow me to continue to explore which areas of software I enjoy but also put me in good stead for the future. Having a good understanding of all life cycle phases making would allow me to be a more beneficial project lead or allow more successful collaboration more when working in a more specialised area. ",

    },
]
